State,Score
ACT,1091.0
NSW,979.3255813953489
NT,853.0526315789474
QLD,895.3717948717949
SA,947.6056338028169
TAS,921.8275862068965
VIC,990.7625
WA,965.9352517985611
